"Launa Withers","Launa Withers"
"Lakenya,Edison","Lakenya Edison"
"Brendan,Hage","Brendan Hage"
"Bradford,Lango","Bradford Lango"
"Rudolf,Akiyama","Rudolf Akiyama"
"Lara,Constable","Lara Constable"
"Madelaine Ghoston","Madelaine Ghoston"
"Salley Hornak","Salley Hornak"
"Micha,Junkin","Micha Junkin"
"Teddy,Bobo","Teddy Bobo"
"Coralee Scalia","Coralee Scalia"
"Jeff Quashie","Jeff Quashie"
"Vena,Babiarz","Vena Babiarz"
"Karrie Lain","Karrie Lain"
"Tobias Dermody","Tobias Dermody"
"Celsa Hopkins","Celsa Hopkins"
"Kimberley,Halpern","Kimberley Halpern"
"Phillip Rowden","Phillip Rowden"
"Elias Neil","Elias Neil"
"Lashanda Cortes","Lashanda Cortes"
"Mackenzie,Spell","Mackenzie Spell"
"Kathlyn,Eccleston","Kathlyn Eccleston"
"Georgina Brescia","Georgina Brescia"
"Beata,Miah","Beata Miah"
"Desiree,Seamons","Desiree Seamons"
"Jeanice,Soderstrom","Jeanice Soderstrom"
"Mariel,Jurgens","Mariel Jurgens"
"Alida,Bogle","Alida Bogle"
"Jacqualine Olague","Jacqualine Olague"
"Joaquin Clasen","Joaquin Clasen"
"Samuel Richert","Samuel Richert"
"Malissa Marcus","Malissa Marcus"
"Alaina,Partida","Alaina Partida"
"Trinidad Mulloy","Trinidad Mulloy"
"Carlene,Garrard","Carlene Garrard"
"Melodi Chism","Melodi Chism"
"Bess Chilcott","Bess Chilcott"
"Chong,Aylward","Chong Aylward"
"Jani Ramthun","Jani Ramthun"
"Jacquiline,Heintz","Jacquiline Heintz"
"Hayley,Marquess","Hayley Marquess"
"Andria Spagnoli","Andria Spagnoli"
"Irwin Covelli","Irwin Covelli"
"Gertude,Montiel","Gertude Montiel"
"Stefany,Reily","Stefany Reily"
"Rae Mcgaughey","Rae Mcgaughey"
"Cruz Latimore","Cruz Latimore"
"Maryann Casler","Maryann Casler"
"Annalisa,Gregori","Annalisa Gregori"
"Jenee,Pannell","Jenee Pannell"
