"L. Withers","L. Withers"
"Lakenya,Edison","L. Edison"
"Brendan,Hage","B. Hage"
"B. Lango","B. Lango"
"Rudolf,Akiyama","R. Akiyama"
"L. Constable","L. Constable"
"M. Ghoston","M. Ghoston"
"Salley,Hornak","S. Hornak"
"M. Junkin","M. Junkin"
"Teddy,Bobo","T. Bobo"
"Coralee,Scalia","C. Scalia"
"Jeff,Quashie","J. Quashie"
"V. Babiarz","V. Babiarz"
"Karrie,Lain","K. Lain"
"Tobias,Dermody","T. Dermody"
"Celsa,Hopkins","C. Hopkins"
"K. Halpern","K. Halpern"
"P. Rowden","P. Rowden"
"E. Neil","E. Neil"
"L. Cortes","L. Cortes"
"M. Spell","M. Spell"
"Kathlyn,Eccleston","K. Eccleston"
"G. Brescia","G. Brescia"
"Beata,Miah","B. Miah"
"D. Seamons","D. Seamons"
"J. Soderstrom","J. Soderstrom"
"M. Jurgens","M. Jurgens"
"A. Bogle","A. Bogle"
"J. Olague","J. Olague"
"Joaquin,Clasen","J. Clasen"
"Samuel,Richert","S. Richert"
"M. Marcus","M. Marcus"
"Alaina,Partida","A. Partida"
"T. Mulloy","T. Mulloy"
"Carlene,Garrard","C. Garrard"
"M. Chism","M. Chism"
"Bess,Chilcott","B. Chilcott"
"C. Aylward","C. Aylward"
"J. Ramthun","J. Ramthun"
"J. Heintz","J. Heintz"
"H. Marquess","H. Marquess"
"Andria,Spagnoli","A. Spagnoli"
"I. Covelli","I. Covelli"
"G. Montiel","G. Montiel"
"S. Reily","S. Reily"
"R. Mcgaughey","R. Mcgaughey"
"C. Latimore","C. Latimore"
"Maryann,Casler","M. Casler"
"A. Gregori","A. Gregori"
"Jenee,Pannell","J. Pannell"
