"Withers, L.","Withers, L."
"Lakenya,Edison","Edison, L."
"Brendan,Hage","Hage, B."
"Lango, B.","Lango, B."
"Rudolf,Akiyama","Akiyama, R."
"Constable, L.","Constable, L."
"Ghoston, M.","Ghoston, M."
"Hornak, S.","Hornak, S."
"Micha,Junkin","Junkin, M."
"Bobo, T.","Bobo, T."
"Coralee,Scalia","Scalia, C."
"Quashie, J.","Quashie, J."
"Babiarz, V.","Babiarz, V."
"Lain, K.","Lain, K."
"Dermody, T.","Dermody, T."
"Hopkins, C.","Hopkins, C."
"Halpern, K.","Halpern, K."
"Phillip,Rowden","Rowden, P."
"Neil, E.","Neil, E."
"Lashanda,Cortes","Cortes, L."
"Mackenzie,Spell","Spell, M."
"Eccleston, K.","Eccleston, K."
"Georgina,Brescia","Brescia, G."
"Miah, B.","Miah, B."
"Desiree,Seamons","Seamons, D."
"Jeanice,Soderstrom","Soderstrom, J."
"Jurgens, M.","Jurgens, M."
"Bogle, A.","Bogle, A."
"Olague, J.","Olague, J."
"Joaquin,Clasen","Clasen, J."
"Richert, S.","Richert, S."
"Malissa,Marcus","Marcus, M."
"Partida, A.","Partida, A."
"Mulloy, T.","Mulloy, T."
"Carlene,Garrard","Garrard, C."
"Melodi,Chism","Chism, M."
"Bess,Chilcott","Chilcott, B."
"Chong,Aylward","Aylward, C."
"Ramthun, J.","Ramthun, J."
"Jacquiline,Heintz","Heintz, J."
"Marquess, H.","Marquess, H."
"Andria,Spagnoli","Spagnoli, A."
"Irwin,Covelli","Covelli, I."
"Montiel, G.","Montiel, G."
"Stefany,Reily","Reily, S."
"Mcgaughey, R.","Mcgaughey, R."
"Cruz,Latimore","Latimore, C."
"Casler, M.","Casler, M."
"Gregori, A.","Gregori, A."
"Jenee,Pannell","Pannell, J."
