"Launa,Withers","Withers Launa"
"Edison Lakenya","Edison Lakenya"
"Brendan,Hage","Hage Brendan"
"Lango Bradford","Lango Bradford"
"Rudolf,Akiyama","Akiyama Rudolf"
"Lara,Constable","Constable Lara"
"Madelaine,Ghoston","Ghoston Madelaine"
"Hornak Salley","Hornak Salley"
"Junkin Micha","Junkin Micha"
"Teddy,Bobo","Bobo Teddy"
"Coralee,Scalia","Scalia Coralee"
"Quashie Jeff","Quashie Jeff"
"Babiarz Vena","Babiarz Vena"
"Karrie,Lain","Lain Karrie"
"Tobias,Dermody","Dermody Tobias"
"Hopkins Celsa","Hopkins Celsa"
"Halpern Kimberley","Halpern Kimberley"
"Rowden Phillip","Rowden Phillip"
"Neil Elias","Neil Elias"
"Lashanda,Cortes","Cortes Lashanda"
"Spell Mackenzie","Spell Mackenzie"
"Eccleston Kathlyn","Eccleston Kathlyn"
"Georgina,Brescia","Brescia Georgina"
"Miah Beata","Miah Beata"
"Seamons Desiree","Seamons Desiree"
"Soderstrom Jeanice","Soderstrom Jeanice"
"Jurgens Mariel","Jurgens Mariel"
"Alida,Bogle","Bogle Alida"
"Olague Jacqualine","Olague Jacqualine"
"Joaquin,Clasen","Clasen Joaquin"
"Richert Samuel","Richert Samuel"
"Marcus Malissa","Marcus Malissa"
"Alaina,Partida","Partida Alaina"
"Mulloy Trinidad","Mulloy Trinidad"
"Garrard Carlene","Garrard Carlene"
"Chism Melodi","Chism Melodi"
"Chilcott Bess","Chilcott Bess"
"Aylward Chong","Aylward Chong"
"Ramthun Jani","Ramthun Jani"
"Heintz Jacquiline","Heintz Jacquiline"
"Marquess Hayley","Marquess Hayley"
"Andria,Spagnoli","Spagnoli Andria"
"Irwin,Covelli","Covelli Irwin"
"Montiel Gertude","Montiel Gertude"
"Stefany,Reily","Reily Stefany"
"Rae,Mcgaughey","Mcgaughey Rae"
"Cruz,Latimore","Latimore Cruz"
"Casler Maryann","Casler Maryann"
"Gregori Annalisa","Gregori Annalisa"
"Jenee,Pannell","Pannell Jenee"
